Office_URL,Agent_URL
https://www.realtor.com/realestateagents/coral-gables_fl,https://apps.realtor.com/mUAZ/d8fcc5e9?af_sub2=https://www.realtor.com/realestateagents/coral-gables_fl&af_sub4=FAR&af_dp=move-rdc://www.realtor.com&deep_link_value=https://www.realtor.com/realestateagents/coral-gables_fl
https://www.realtor.com/realestateagents/coral-gables_fl,https://www.realtor.com/realpeople/
https://www.realtor.com/realestateagents/coral-gables_fl,https://sell.realtor.com/?utm_source=RDC&utm_campaign=GNAV_SELL_AGENT_COMPARE&flow=GNAV_SELL_AGENT_COMPARE
https://www.realtor.com/realestateagents/coral-gables_fl,https://www.realtor.com/advice/sell/interviewing-listing-agents/
https://www.realtor.com/realestateagents/coral-gables_fl,https://www.realtor.com/myaccount/profile/renter_tools
https://www.realtor.com/realestateagents/coral-gables_fl,https://www.realtor.com/realestateagents/
https://www.realtor.com/realestateagents/coral-gables_fl,https://www.realtor.com/realtors
https://www.realtor.com/realestateagents/coral-gables_fl,https://www.realtor.com/advice/buy/why-you-should-use-realtor/
https://www.realtor.com/realestateagents/coral-gables_fl,https://www.realtor.com/advice/buy/what-is-a-buyers-agent-used-for/
https://www.realtor.com/realestateagents/coral-gables_fl,https://www.realtor.com/advice/sell/find-a-realtor/
https://www.realtor.com/realestateagents/coral-gables_fl,https://www.realtor.com/marketing/resources/
https://www.realtor.com/realestateagents/coral-gables_fl,https://www.realtor.com/resources/
https://www.realtor.com/realestateagents/coral-gables_fl,https://www.realtor.com/news/about-us/
https://www.realtor.com/realestateagents/coral-gables_fl,https://apps.realtor.com/mUAZ/39c6bf11?af_sub2=https://www.realtor.com/realestateagents/coral-gables_fl&af_dp=move-rdc://www.realtor.com&is_retargeting=true&af_sub4=Global_Nav
https://www.realtor.com/realestateagents/coral-gables_fl,https://apps.realtor.com/mUAZ/d8fcc5e9?af_sub2=https://www.realtor.com/realestateagents/pg-2/pg-2&af_sub4=FAR&af_dp=move-rdc://www.realtor.com&deep_link_value=https://www.realtor.com/realestateagents/pg-2/pg-2
https://www.realtor.com/realestateagents/coral-gables_fl,https://apps.realtor.com/mUAZ/39c6bf11?af_sub2=https://www.realtor.com/realestateagents/pg-2/pg-2&af_dp=move-rdc://www.realtor.com&is_retargeting=true&af_sub4=Global_Nav
https://www.realtor.com/realestateagents/pinecrest_fl,https://apps.realtor.com/mUAZ/d8fcc5e9?af_sub2=https://www.realtor.com/realestateagents/pinecrest_fl&af_sub4=FAR&af_dp=move-rdc://www.realtor.com&deep_link_value=https://www.realtor.com/realestateagents/pinecrest_fl
https://www.realtor.com/realestateagents/pinecrest_fl,https://www.realtor.com/realpeople/
https://www.realtor.com/realestateagents/pinecrest_fl,https://sell.realtor.com/?utm_source=RDC&utm_campaign=GNAV_SELL_AGENT_COMPARE&flow=GNAV_SELL_AGENT_COMPARE
https://www.realtor.com/realestateagents/pinecrest_fl,https://www.realtor.com/advice/sell/interviewing-listing-agents/
https://www.realtor.com/realestateagents/pinecrest_fl,https://www.realtor.com/myaccount/profile/renter_tools
https://www.realtor.com/realestateagents/pinecrest_fl,https://www.realtor.com/realestateagents/
https://www.realtor.com/realestateagents/pinecrest_fl,https://www.realtor.com/realtors
https://www.realtor.com/realestateagents/pinecrest_fl,https://www.realtor.com/advice/buy/why-you-should-use-realtor/
https://www.realtor.com/realestateagents/pinecrest_fl,https://www.realtor.com/advice/buy/what-is-a-buyers-agent-used-for/
https://www.realtor.com/realestateagents/pinecrest_fl,https://www.realtor.com/advice/sell/find-a-realtor/
https://www.realtor.com/realestateagents/pinecrest_fl,https://www.realtor.com/marketing/resources/
https://www.realtor.com/realestateagents/pinecrest_fl,https://www.realtor.com/resources/
https://www.realtor.com/realestateagents/pinecrest_fl,https://www.realtor.com/news/about-us/
https://www.realtor.com/realestateagents/pinecrest_fl,https://apps.realtor.com/mUAZ/39c6bf11?af_sub2=https://www.realtor.com/realestateagents/pinecrest_fl&af_dp=move-rdc://www.realtor.com&is_retargeting=true&af_sub4=Global_Nav
https://www.realtor.com/realestateagents/pinecrest_fl,https://apps.realtor.com/mUAZ/d8fcc5e9?af_sub2=https://www.realtor.com/realestateagents/pg-2/pg-2&af_sub4=FAR&af_dp=move-rdc://www.realtor.com&deep_link_value=https://www.realtor.com/realestateagents/pg-2/pg-2
https://www.realtor.com/realestateagents/pinecrest_fl,https://apps.realtor.com/mUAZ/39c6bf11?af_sub2=https://www.realtor.com/realestateagents/pg-2/pg-2&af_dp=move-rdc://www.realtor.com&is_retargeting=true&af_sub4=Global_Nav
