Business Name,Status
http://abeashmiami.com,
http://www.mdsres.com,
http://www.nestseekers.com/agent/john-mansilla,
http://www.realtor.com/realestateagents/nelcida-chakoff_miami_fl_2196777_416799227,
http://abouthomesmiami.com/,
http://www.nationsbancorprealty.com,
http://natalieortega.com/,
http://www.avantiway.com,
http://www.monicarich.com,
https://www.coldwellbankerhomes.com/fl/miami-beach/agent/miriam-fink/aid_169862/?utm_campaign=oldp-rdc&utm_source=rdc&utm_medium=oldp&utm_content=agentwebsite,
http://www.miamiglobalrealty.com,
http://www.theschwartzteamre.com,
https://www.compass.com/agents/miami/miltiadis-kastanis,
https://www.coldwellbankerhomes.com/fl/miami/agent/andrea-bustle/aid_211509/?utm_campaign=oldp-rdc&utm_source=rdc&utm_medium=oldp&utm_content=agentwebsite,
http://www.milesgoldstein.com,
https://www.avantiway.com/milagrosa,
http://www.mgrealtyandappraisals.com,
http://www.avantiway.com,
http://www.miamiflorida.com,
http://www.compass.com,
http://www.onegroupmiami.com,
https://realtygroup.miami/,
http://www.miarealtycorp.com,
http://www.mercedesrealtor.com,
http://www.avantiway.com,
http://www.chenoregroup.com/,
https://www.compass.com/agents/miami/melissa-rubin,
https://miamiluxuryhaven.com/index.php,
http://robertslackflorida.com/nicolecastro,
http://www.seasidepropertiesgroup.com,
http://www.palmscastlesrealty.com,
http://www.pilaraparicio.com,
https://www.compass.com/agents/peter-prudenzano/?deliverable_id=5e67db56bb5aca0001bdcf37&deliverable_type=share_action_email_listings&deliverable_channel=email,
http://www.atlasrealtyinternational.com,
https://www.compass.com/agents/miami/pavel-gonzalez,
http://www.compass.com,
http://sermonetarealestategroup.com,
http://www.premiermiami.com,
https://www.parsiani.com/,
http://www.parklandparrot.com,
http://avantiway.com/santiagoeh,
https://www.corcoran.com/real-estate-agents/detail/pamela-diaz-de-leon/29166/regionid/2,
http://www.padovanrealty.com,
https://www.williecortezrealestate.com/,
https://www.realtor.com/realestateagents/maria-pacheco-gonzalez_miami_fl_3252620_617283027,
http://www.floridarealtyofmiami.com,
http://www.luiscarmona.com,
http://www.jarlerealtor.com,
http://www.thekleerteam.com,
https://idx.lifestyleir.com,
http://www.sladja.miami,
http://www.trumpinternationalrealty.com,
https://www.coldwellbankerhomes.com/md/annapolis/agent/patricia-parks/aid_232529/?utm_campaign=oldp-rdc&utm_source=rdc&utm_medium=oldp&utm_content=agentwebsite,
https://www.coldwellbankerhomes.com/fl/aventura/agent/liane-lowy/aid_180264/?utm_campaign=oldp-rdc&utm_source=rdc&utm_medium=oldp&utm_content=agentwebsite,
http://www.norkarealty.com/,
http://yourfanfanrealtor.com,
http://www.mcutuli.com,
http://www.ppgmiami.com,
http://www.avantiway.com,
https://thechadcarrollgroup.com/,
http://www.levinerealty.com,
https://www.realtor.com/realestateagents/leonard-spivak___1949084,
http://www.avantiway.com,
https://www.corcoran.com/florida-real-estate/agents/miami-beach/priscilla-delgado/23417,
https://dylan.soldbylauriereader.com/,
https://stephaniekaufman.com,
http://www.lpglobalrealty.com/,
https://www.labradarealty.com/,
http://www.theoceanfortlauderdale.com,
https://www.coldwellbankerhomes.com/fl/miami-beach/agent/douglas-wynn/aid_232493/?utm_campaign=oldp-rdc&utm_source=rdc&utm_medium=oldp&utm_content=agentwebsite,
http://www.sassoonrealestate.com,
http://mysignatureteam.com/,
http://www.vilmanadalrealtor.com,
http://www.yourglobalconnection.net,
http://www.maxmlekus.com,
https://marujagilproperties.com/,
https://search.avantiway.com/katerinagarcia,
http://www.compass.com,
http://www.miamiwaterfrontrealty.com,
https://www.compass.com/agents/miami/juliet-ferrara/,
https://jay.findmiamihomelistings.com,
http://juliandelaneyrealestate.com,
https://finanzasu40.com/,
https://negociosenflorida.com/,
https://idx.lifestyleir.com/agent/evelyn-godoy/,
https://www.compass.com/agents/miami/lina-buitrago/,
https://www.compass.com/agents/miami/linda-schechter,
http://jahkaimckenzie.mack1realty.com/,
http://marvint.sites.salesaspects.com/,
http://kanianska.com,
https://www.coldwellbankerhomes.com/fl/miami/agent/martha-gutierrez/aid_178463/?utm_campaign=oldp-rdc&utm_source=rdc&utm_medium=oldp&utm_content=agentwebsite,
http://www.marlilymiami.com,
https://www.compass.com/agents/miami/maria-macias/,
http://www.avantiway.com/mdavila,
http://www.compass.com,
http://www.minyanrealty.com,
http://www.compass.com,
https://www.realtor.com/realestateagents,
https://www.compass.com/agents/madeleine-romanello/,
http://www.compass.com/agents/sean-reichert,
http://www.villazzorealty.com,
https://www.compass.com/agents/lydia-azout/,
http://www.luxurylivingrealty.com,
http://www.luxerealtygroup.com,
http://www.dorapuig.com/nina-millman.htm,
http://www.avantiway.com/lupitalonso,
https://www.compass.com/agents/miami/lucas-gomez/,
http://robertslackflorida.com/christinetaha,
http://www.mychristo.com,
https://alexandru.realestate,
http://www.willielopez.realtor,
http://miamiproperties4sale.com,
http://www.portico56realtygroup.com,
http://cashpropertylistings.com,
http://www.avantiway.com,
http://www.brickell-realty.com,
https://www.coldwellbankerhomes.com/fl/boca-raton/agent/steve-silverman/aid_4138/,
https://www.theglobalvestgroup.com/,
http://www.infinitemiami.com,
https://www.corcoran.com/real-estate-agents/detail/eric-broad/33014/regionid/2,
https://www.cardonahomes.com/,
https://tzinker.com/,
http://www.century21.com/real-estate-agent/profile/thays-alvarez-p25357048?k=1,
http://www.sellitwithsuresh.com,
http://tag.realestate,
https://glendypatino.syncbrokerage.com,
https://www.erinsykesrealestate.com,
http://www.bhhsfloridarealty.com,
http://stratwell.co,
https://www.yourflre.com/,
http://www.themiamiluxuryrealtor.com,
https://www.compass.com/agents/miami/stephanie-ubeda,
https://www.compass.com/agents/steph-penaherrera/,
http://fipcommercial.com,
http://www.loudovidio.com,
https://www.compass.com/agents/soraia-farah/,
https://www.howardchaserealestate.com,
http://www.solrealtyhomes.com,
http://www.jasuarezbroker.com,
http://www.mycoastalproperties.com,
https://www.coldwellbankerhomes.com/fl/coral-springs/agent/marcus-williams/aid_41837/?utm_campaign=oldp-rdc&utm_source=rdc&utm_medium=oldp&utm_content=agentwebsite,
https://www.sachasellsmiami.com/,
https://mytableteam.com,
https://thevalenzuelagroup.com/,
https://www.realtor.com/realestateagents/5845d7ef9ea47f0001188b22,
http://www.wcrusa.com,
https://www.coldwellbankerhomes.com/fl/coral-gables/agent/yarenis-yare-diaz/aid_160238/?utm_campaign=oldp-rdc&utm_source=rdc&utm_medium=oldp&utm_content=agentwebsite,
http://www.compass.com/agents/yannick-alessio/,
http://www.therayekgroup.com,
https://www.avantiway.com/daisysanabria,
http://www.worldrenownedrealestate.com,
http://winsomerealty.net/,
http://www.thehobbsteam.com,
http://www.interealtyproperties.com,
http://miamiportfolio.com/,
http://www.viviantoppe.realtor,
https://www.portalre.com/,
http://www.investcorealty.com,
http://www.vickyrua.com,
http://www.compass.com,
http://elizabethvavra.realtor,
https://www.urbanresource.com,
http://www.bocahome.com,
https://arielsouthflorida.com/,
http://www.trustpointrealty.com,
http://www.trustpropertiesusa.com,
http://www.tridentmiami.com,
http://www.jarbly.com,
http://www.nordstromnetwork.com,
http://compass.com/agents/sky-gillespie,
http://www.avantiway.com,
http://miamipaolagutierrez.realtor,
http://www.silsellshomes.com,
https://www.avenewmiami.com/,
http://www.realestateanddesigns.com,
http://axxa.ca/,
http://www.regencyflorida.com,
https://www.redfin.com/agent/jeffrey-izquierdo,
http://www.redfin.com,
http://www.mariadematos.com,
http://realtormina.com,
http://www.heidijones.com,
http://www.myrealityrealty.com,
http://www.sergiorebollo.com,
http://www.realestatesalesintl.com,
http://www.fonsecahomes.com,
http://realestatefactorysfl.com,
http://www.miamibeachbrokers.com/,
http://www.alugorealty.com,
https://www.coldwellbankerhomes.com/pa/pittsburgh/agent/roman-ivanov/aid_221863/?utm_campaign=oldp-rdc&utm_source=rdc&utm_medium=oldp&utm_content=agentwebsite,
http://www.ileanasellsmiami.com,
http://www.patterson.org,
http://www.luxemiamilistings.com,
https://www.coldwellbankerhomes.com/fl/coral-gables/agent/maria-raquel-raquel-abad/aid_237930/?utm_campaign=oldp-rdc&utm_source=rdc&utm_medium=oldp&utm_content=agentwebsite,
http://www.compass.com,
http://www.propertiesandpads.com,
https://lexie.primerealestatefl.com/,
https://www.realtor.com/realestateagents/5eb1ab8aba8e1a00111ffda4,
http://resultsrealty.biz,
http://www.risingrealtyfl.com,
https://www.compass.com/agents/rita-segura/,
http://www.avantiway.com,
http://www.aspectrealtygroup.com,
http://teresheltonbernace.com/,
http://www.bestmiamirealtor.com,
https://robertslack.com/,
https://serhant.com/agents/julieta-dalmau,
https://sebastien.barnes-miami.com,
https://www.golodgroup.com,
https://miamisignaturehomes.com/,
http://seeitlikeitownit.com,
https://www.compass.com/agents/miami/scott-diffenderfer,
https://sarahyyanezrealtor.com/,
http://ecrrealtygroup.com,
http://www.robkotelsky.com,
http://www.bestamericanrealtygroup.com,
https://www.royalresidencerealty.com/,
http://www.realliving.com/dairon-garcia-valdeon-real-estate-agent,
http://www.thelemus.team,
https://www.compass.com/agents/rosa-lilly/,
https://edgard.realtor,
http://www.gohomemiami.com/,
http://therockstaragent.com,
http://doralrealestatecenter.com,
https://www.robertslackflorida.com/victoriathornhill,
https://robertslack.com/,
http://www.josephkhalil.com,
http://www.avantiway.com,
https://www.agenzx.com,
http://bhhsfloridarealty.com,
https://carolinebertrand.com,
http://www.floridarealtyofmiami.com,
https://www.realtor.com/realestateagents/56cf6fcdbb954c01006e2640,
http://www.avantiway.com,
http://www.llgassetrealty.com,
https://www.avantiway.com/f.contento,
https://www.compass.com/agents/carlos-beltran/,
http://bhhsfloridarealty.net,
http://www.benavideshouses.com,
http://www.cprealtors.com,
website,
http://www.howardwolofsky.com,
http://redfin.com,
http://www.elizabethluques.com/,
http://www.meltongoodwin.com,
http://www.jeffgeorgepa.com,
https://invest.brickell-realty.com/,
http://www.peterdominguezrealestate.com/,
https://www.coldwellbankerhomes.com/fl/hollywood/agent/nancy-herazo/aid_32371/,
http://www.flaeqt.com,
http://www.bff4u.com,
http://www.halsteadhomesrealty.com,
http://diplomatoceanfrontresidences.com,
http://bluepenrealtors.com,
https://www.condoblackbook.com/,
http://www.floridarealtyofmiami.com,
http://www.realliving.com/jazmin.borges,
http://www.affordablefloridarealestate.com,
https://www.coldwellbankerhomes.com/fl/fort-lauderdale/agent/martha-christy-chris-mitchell-evert/aid_1513/?utm_campaign=oldp-rdc&utm_source=rdc&utm_medium=oldp&utm_content=agentwebsite,
http://www.miamifindahome.com/,
http://investeamrealty.com,
http://www.completerealtygrp.com/,
https://www.realliving.com/colombia.mejia,
http://www.realestatebulldog.com,
http://www.perlawalling.com/,
http://www.cohenandroth.com,
http://www.carolinamespinosa.com,
http://www.compass.com,
http://www.thehome.agency,
http://www.accrealtymiami.com,
https://www.cdmpmanagement.com/,
http://casesrealty.com/,
http://internationalfloridarealestate.com,
https://www.coldwellbankerhomes.com/fl/miramar/agent/liana-becker/aid_167582/?utm_campaign=oldp-rdc&utm_source=rdc&utm_medium=oldp&utm_content=agentwebsite,
https://robertslack.com/,
http://www.josecipriani.com,
https://www.century21.com/agent/sebastian.castro@century21.com,
https://www.century21.com/century-21-real-estate-champions-13593c/mohammed-baker-913391a,
http://garykusher.com,
http://levrealty.com,
http://www.waterfrontlivingmiami.com/,
http://www.pradorealty.com,
http://www.castellera.com/,
https://www.compass.com/agents/bianca-clay/,
https://www.nancybatchelor.com/agents/bettina-munoz/,
https://www.compass.com/agents/daniel-har/,
https://mystatemls.com/search/?refer_code=201834-66b518a09,
http://www.compass.com,
http://www.realliving.com/ana.mcnatt,
http://www.miamiflorida.com,
http://www.anacuan.com,
http://www.miamipropertypro.com,
http://www.compass.com,
http://www.amgintrealty.com,
http://www.americanparadiseproperties.com,
https://www.coldwellbankerhomes.com/fl/coral-gables/agent/andre-law/aid_231458/?utm_campaign=oldp-rdc&utm_source=rdc&utm_medium=oldp&utm_content=agentwebsite,
https://www.cristinaallenre.com/,
https://www.dchre.com/,
https://www.compass.com/agents/alison-pusey/,
https://coltonelliottrealtor.com,
http://www.algebrarealty.com,
https://www.coldwellbankerhomes.com/fl/miami-beach/agent/miranda-squitieri/aid_34278/,
http://www.thekelladogroup.com,
https://www.compass.com/agents/alan-chocron/,
http://gabrielapietrirealtor.com,
http://www.aimwealthrealty.com,
http://felipeguifarro.com,
http://www.compass.com,
http://bhhsfloridarealty.net,
http://www.showcasemiami.com,
http://www.realliving.com/adela.toranzo,
http://www.floridarealtyofmiami.com,
http://hrgmiami.com,
http://www.andresmoralespa.com,
http://www.angelacanete.com,
http://aventurarealtors.com,
http://www.avantiway.com,
http://www.lisettesarradetrealtor.com,
http://ben.bettersouthfloridahomes.com/,
https://www.compass.com/concierge/benny-gluck/,
http://www.compass.com,
http://www.beehouserealty.com,
http://www.investeamrealty.com,
http://www.avantiway.com/cristinaarias1,
http://www.beachfrontonline.com,
http://nancybatchelor.com/,
https://avishakassir.com/,
http://www.aventurabrokers.com,
http://www.ganesharealty.miami,
http://www.avantiway.com,
https://avantiway.com/,
https://globalbusinessadvisors.net,
http://priveere.com/,
http://www.urgfl.com,
http://www.arquinnrealty.com/,
http://www.avantiway.com/aomedas,
https://www.coldwellbankerhomes.com/fl/boca-raton/agent/anthony-mannarino/aid_188933/?utm_campaign=oldp-rdc&utm_source=rdc&utm_medium=oldp&utm_content=agentwebsite,
https://www.cervera.com,
http://www.thefreudgroup.com,
https://www.angierodriguez.us/,
http://www.wesellsouthfloridahomes.com/,
https://www.compass.com/agents/daniel-uribe/,
http://www.gimeza.com,
https://www.goldenblaque.com,
http://iconrealty.com,
http://www.ilovemicasa.com,
http://michael.huntingtonandellis.com,
https://keybiscayneforsale.com/,
http://www.howardchaserealestate.com,
http://www.golodgroup.com,
https://www.compass.com/agents/hayley-dodge/,
http://www.tuidealhouse.com,
http://bhhsfloridarealty.net,
http://www.haldemanrealty.org/,
https://www.grovetownproperties.com,
https://www.avantiway.com/grehyninarvaez,
http://www.grandlivingrealty.net,
http://urgfl.com,
https://one-dean.com,
http://www.goldenkeysmiamifl.com,
http://theagencyremiami.com,
http://www.houzz.com/pro/urbanizastudio,
https://ginarobichaux.com/,
http://www.floridarealtyofmiami.com,
http://www.luxurydade.com,
https://www.coldwellbankerhomes.com/fl/miami/agent/george-depina/aid_185148/?utm_campaign=oldp-rdc&utm_source=rdc&utm_medium=oldp&utm_content=agentwebsite,
https://www.compass.com/agents/miami/geane-brito,
http://sunshinebrokers.net,
https://www.compass.com/agents/galit-yosipovitch/,
http://www.ipre.com/,
http://influencersre.com,
http://www.villasmilrealtor.com,
http://jessikagomez.com,
http://compass.com/agents/jorge-guanche,
https://www.compass.com/agents/nyc/j-brito/,
http://suncoastbeachrealty.com,
http://premierlistings.com,
http://floridahomesagent.com,
http://www.portalre.com,
https://www.nestseekers.com/agent/john-charles,
https://www.compass.com/agents/miami/joanne-jones,
https://www.rivorealestate.com/,
http://www.jjsnowhansen.com/,
https://www.realtor.com/realestateagents/56a8e9b17e54f701002041c9,
http://inletprops.com,
http://internationalrg.com,
https://www.coldwellbankerhomes.com/fl/miami-beach/agent/jenny-horn/aid_183183/?utm_campaign=oldp-rdc&utm_source=rdc&utm_medium=oldp&utm_content=agentwebsite,
http://www.jeannayar.com,
http://www.avantiway.com,
http://www.bravoire.com,
http://www.thebestrealtyagency.com,
https://www.compass.com/agents/miami/janet-tralins,
http://ivelissezaitman.com/,
http://www.compass.com,
http://www.avantiway.com,
https://search.avantiway.com/iraimadiaz,
http://www.investeamrealty.com,
http://www.demarealty.com,
http://www.goldenestatesrealty.net,
http://www.urgfl.com,
http://www.compass.com,
https://www.realtor.com/realestateagents/5d28e1688e8fc90013f6159a,
http://www.esgrealestate.com,
https://www.eliteoceanviewrealty.com/dreidy-gonzalez/,
http://www.carmempimpinati.com,
http://www.avantiway.com,
https://www.coldwellbankerhomes.com/fl/miami/agent/edmund-prieto/aid_222138/?utm_campaign=oldp-rdc&utm_source=rdc&utm_medium=oldp&utm_content=agentwebsite,
https://caprealtymiami.com/,
http://www.theeatonco.com,
http://www.em2relab.com,
http://www.dumondegroup.com,
https://www.compass.com/agents/lauren-barrocas/,
http://www.senadaadzem.com,
http://lkwrealestate.com,
http://www.dkinternational.net,
https://www.compass.com/agents/miami/diego-ramos,
http://www.avantiway.com,
http://www.prestigeflorida.com/,
http://claudinedeniro.com,
https://www.coldwellbankerhomes.com/fl/miami/agent/denise-erickson/aid_181005/?utm_campaign=oldp-rdc&utm_source=rdc&utm_medium=oldp&utm_content=agentwebsite,
https://luciallerena.com,
http://www.dealflowrealty.com,
https://www.patriciavillati.com,
https://www.coldwellbankerhomes.com/fl/miami-beach/agent/david-ramirez/aid_219195/?utm_campaign=oldp-rdc&utm_source=rdc&utm_medium=oldp&utm_content=agentwebsite,
http://lombardiproperties.com,
http://www.dgreenman.com,
https://www.compass.com/agents/elizabeth-wemhoff/,
http://www.miamihomes101.com,
http://www.andreamazzini.com,
http://www.firstclassre.com,
http://www.chiclivingmiami.com,
https://clients.mychristiesre.com/dlp/1778965c53174c0f9a720000505,
https://www.coldwellbankerhomes.com/fl/coral-gables/agent/isabel-diaz/aid_190457/?utm_campaign=oldp-rdc&utm_source=rdc&utm_medium=oldp&utm_content=agentwebsite,
http://www.ftmyersbeachrealestate.com,
http://www.floridianfirstrealty.com,
http://www.floridarealtyofmiami.com,
http://www.floridarealtyofmiami.com,
http://www.aldodavico.com,
http://www.premierestateproperties.com,
http://faristeam.com/,
https://www.omijares.com,
http://www.ericnur.com/,
http://www.epiccapitalrealty.com,
https://www.compass.com/agents/fernando-alves/?referrer=omnibox,
http://www.falconempirerealty.com,
http://www.faithires.com/,
http://www.miamiremates.com,
https://josephine.premierhomeadvisorsfl.com/,
http://www.miamihomestead.com,
https://www.muchomiami.com/new-development/villa-miami,
http://www.compass.com,
http://www.oneoptionrealty.com,
https://elssnews.wixsite.com/website-5,
https://estatesacqualinacondos.com/,
https://www.realtor.com/realestateagents/6192e25a63266fe9bb3c4860,
